{
 "0": {
  "min": -13.554709835888996,
  "max": 14.073082335403877,
  "avg": 0.6040436677707023,
  "point_num": 3437,
  "color": [
   0,
   0,
   255
  ]
 },
 "2": {
  "min": 13.261033607012786,
  "max": 44.987241551022265,
  "avg": 26.767734205785008,
  "point_num": 2058,
  "color": [
   255,
   0,
   0
  ]
 },
 "1": {
  "min": -44.98364980908208,
  "max": -13.183727693030567,
  "avg": -27.152447073928144,
  "point_num": 1773,
  "color": [
   0,
   255,
   0
  ]
 }
}