{
 "2": {
  "min": -13.531863858209547,
  "max": 16.284276353204294,
  "avg": 2.8204965915536837,
  "point_num": 5792,
  "color": [
   255,
   0,
   0
  ]
 },
 "1": {
  "min": 15.93802551225369,
  "max": 44.99331967601884,
  "avg": 29.326106470801925,
  "point_num": 4646,
  "color": [
   0,
   255,
   0
  ]
 },
 "0": {
  "min": -44.99382630315046,
  "max": -13.4030350183045,
  "avg": -29.649562191034835,
  "point_num": 4086,
  "color": [
   0,
   0,
   255
  ]
 }
}