{
 "2": {
  "min": -14.17927537221668,
  "max": 15.661576228721383,
  "avg": 1.558918424817347,
  "point_num": 8043,
  "color": [
   255,
   0,
   0
  ]
 },
 "0": {
  "min": 15.107870771270825,
  "max": 44.99331967601884,
  "avg": 29.05009298388291,
  "point_num": 5689,
  "color": [
   0,
   0,
   255
  ]
 },
 "1": {
  "min": -44.9987504781046,
  "max": -13.942888512441447,
  "avg": -29.575433667626097,
  "point_num": 4976,
  "color": [
   0,
   255,
   0
  ]
 }
}