{
 "0": {
  "min": 14.603776942702545,
  "max": 44.99978674641065,
  "avg": 30.023330497211102,
  "point_num": 10917,
  "color": [
   0,
   0,
   255
  ]
 },
 "2": {
  "min": -15.23177863842176,
  "max": 14.989836484690583,
  "avg": -0.5196572036807325,
  "point_num": 16371,
  "color": [
   255,
   0,
   0
  ]
 },
 "1": {
  "min": -44.9978113098437,
  "max": -14.832227634623768,
  "avg": -29.4592567523651,
  "point_num": 10539,
  "color": [
   0,
   255,
   0
  ]
 }
}